Chr	Pos	Ref	Alt
1	179077353	C	G
1	179084079	C	T
1	243716086	A	G
1	243716177	C	G
1	65306941	C	T
1	65335021	T	A
1	9770571	G	A
1	9775907	G	A
1	9776649	A	G
1	9778764	G	A
1	9778917	G	A
1	9779982	T	C
1	9780920	C	T
1	9782090	A	G
1	9782591	C	T
1	9783217	C	T
1	9783218	G	A
1	9783259	G	A
1	9783302	C	T
1	9783347	C	T
1	9784049	G	A
1	9784371	T	A
1	9784395	G	A
1	9784410	T	G
1	9784908	G	A
1	9784941	C	T
1	9787030	G	A
10	123239442	A	C
10	123244913	C	T
10	123263436	G	A
10	123274738	T	C
10	123274743	A	G
10	123274744	C	T
10	123274746	A	C
10	123274773	C	T
10	123279522	C	T
10	123279557	T	A
10	123279605	A	C
10	123279642	C	T
10	123279660	G	A
10	123279672	G	A
10	123298174	C	T
10	123298225	C	T
10	123310871	A	G
10	123310907	G	T
10	43597813	G	A
10	43607622	G	A
10	43609111	G	A
10	43609123	G	A
10	43609969	G	A
10	43609990	G	A
10	43612083	C	A
10	43612147	G	A
10	43615622	G	A
10	89624261	A	C
10	89624299	T	G
10	89624305	T	G
10	89653782	A	G
10	89653785	T	C
10	89685314	T	A
10	89690828	G	A
10	89692871	G	T
10	89711900	G	T
10	89717708	C	G
10	89720664	A	C
10	89720731	T	G
11	101981761	C	G
11	101981793	G	A
11	101981896	G	A
11	101984924	G	C
11	101984957	G	A
11	101985013	A	G
11	102033201	C	T
11	102076624	C	G
11	102076646	G	C
11	102080261	T	A
11	102080278	A	C
11	102080293	C	A
11	102094417	C	G
11	102094425	G	A
11	102098274	C	A
11	102098302	G	C
11	102100544	T	G
11	102100657	C	T
11	533476	C	T
11	8496350	G	A
12	112888136	T	C
12	112888158	C	G
12	112888162	G	C
12	112888202	C	T
12	112888210	G	C
12	112888220	A	G
12	112891083	G	C
12	25378562	C	G
12	4553300	G	A
12	56478817	G	A
12	56481413	A	T
12	56482341	G	A
12	56482341	G	T
12	56482606	A	C
12	56486845	G	C
12	56487166	G	A
12	56495083	C	T
12	56495392	T	A
12	56495465	G	A
12	58145430	C	A
13	28592642	C	G
13	28608122	A	G
13	28611346	T	C
13	28903802	C	A
13	28913326	C	A
13	28913349	T	C
13	28919595	C	T
13	28919604	A	G
13	28919607	G	A
13	28959121	C	T
13	29001982	C	T
13	29002024	C	T
13	29007977	C	T
14	105242063	G	A
14	105246482	C	T
15	66727455	G	T
15	66727571	G	A
15	66729100	T	A
15	66774188	T	G
15	99251133	A	C
15	99440011	C	T
15	99459279	G	C
15	99478082	C	T
15	99478265	T	C
15	99491930	G	C
15	99500633	G	A
17	37863275	C	T
17	37864650	T	G
17	37864656	G	A
17	37864713	C	A
17	37864760	C	T
17	37864781	C	T
17	37865676	C	T
17	37866359	G	T
17	37866371	C	A
17	37866379	G	T
17	37866434	C	T
17	37866671	G	A
17	37866710	G	A
17	37868193	C	T
17	37868196	C	T
17	37868205	G	A
17	37868205	G	C
17	37868241	A	G
17	37868586	C	G
17	37868701	G	A
17	37871562	C	A
17	37871723	C	T
17	37872096	C	A
17	37872138	C	T
17	37872145	C	T
17	37872674	G	A
17	37872773	C	T
17	37872834	T	A
17	37872839	C	T
17	37873579	G	A
17	37879580	C	G
17	37879588	A	G
17	37879613	T	C
17	37879673	G	A
17	37879682	C	T
17	37879838	G	C
17	37879851	A	G
17	37880180	G	C
17	37880207	G	A
17	37880220	T	G
17	37880261	G	A
17	37880988	G	A
17	37880997	G	A
17	37881015	G	A
17	37881021	C	T
17	37881078	T	C
17	37881312	A	T
17	37881329	C	G
17	37881333	T	A
17	37881410	C	T
17	37881446	G	A
17	37881583	C	T
17	37881620	G	A
17	37881982	G	A
17	37881989	G	T
17	37882022	G	A
17	37882024	G	C
17	37882093	G	T
17	37882863	C	T
17	37883113	C	T
17	37883140	G	T
17	37883158	G	C
17	37883255	G	T
17	37883561	A	C
17	37883578	G	C
17	37883959	G	T
17	37884037	C	G
17	37884157	C	T
17	37884176	C	A
17	37884185	A	G
17	37884229	C	T
17	37884259	G	C
17	37884261	G	T
17	74732959	G	C
17	74732959	G	T
18	48593557	G	C
19	1220707	G	T
19	17948809	C	G
19	17949121	T	A
19	17950433	G	A
19	18266738	C	T
19	18271322	G	T
19	18273240	C	T
19	18278061	A	G
19	18279570	C	T
19	40762959	C	T
19	41726703	A	G
19	41743997	G	T
19	41745202	T	A
19	41745210	T	A
19	41748805	C	T
19	41749592	G	A
19	41754461	G	T
19	41754717	C	T
19	41763407	G	T
19	41765523	G	T
19	41765694	C	T
19	41837031	C	T
19	41850681	C	T
2	29416299	C	T
2	29416320	C	T
2	29432664	C	T
2	29432691	G	A
2	29443591	C	T
2	29443618	G	A
2	29443686	C	G
2	29443697	A	G
2	29445424	C	T
2	29449875	C	T
2	29449887	A	G
2	29455179	C	T
2	29455209	A	G
2	29455230	G	A
2	29456487	C	A
2	29456516	A	G
2	29462560	C	T
2	29474042	G	T
2	29474101	C	T
2	29519791	G	T
2	29519818	C	T
2	29519891	C	G
2	29519915	C	T
2	29541231	G	T
2	29551259	G	C
2	29606678	C	T
2	29606696	C	T
2	29754873	G	T
2	29754929	G	A
2	29917765	C	T
2	30142942	G	A
2	30143128	C	T
2	61715367	C	T
20	57415178	G	C
20	57415834	A	C
3	12626094	C	A
3	12626417	G	A
3	12626452	G	A
3	12626468	C	A
3	12627203	G	A
3	12627233	G	A
3	12629110	T	C
3	12632328	C	T
3	12632392	C	A
3	12632402	T	C
3	12633208	G	T
3	12633229	T	A
3	12633235	C	T
3	12641300	C	T
3	12645693	G	A
3	12645693	G	C
3	12647712	C	A
3	12647721	G	A
3	12647737	G	A
3	12647752	G	A
3	12650274	C	A
3	12650329	G	A
3	12650343	C	T
3	12650355	C	T
3	12650363	A	T
3	12650737	T	G
3	12653512	A	C
3	12660029	G	C
3	12660046	G	T
3	12660099	C	A
3	12660099	C	G
3	12660106	G	C
3	12660160	C	T
3	12660186	C	T
3	138374244	T	G
3	138374245	C	A
3	138374281	T	C
3	138374298	A	C
3	138374301	G	A
3	138374308	C	T
3	138374338	C	T
3	138375001	C	G
3	138375084	A	G
3	138376532	C	G
3	138376574	A	G
3	138383924	A	G
3	138383926	G	T
3	138383975	T	C
3	138384011	G	C
3	138400825	C	T
3	138400833	C	A
3	138402532	T	C
3	138402579	A	C
3	138402591	G	T
3	138403480	G	A
3	138409857	A	G
3	138409870	T	A
3	138409876	G	A
3	138413677	G	C
3	138413736	A	G
3	138417775	A	G
3	138417859	C	T
3	138417861	T	C
3	138423330	A	C
3	138426123	C	T
3	138431064	C	G
3	138431123	A	T
3	138433362	G	A
3	138453486	C	T
3	138453578	C	A
3	138453637	T	C
3	138453640	G	A
3	138456596	C	A
3	138456596	C	G
3	138461473	G	A
3	138461549	C	T
3	138461575	C	T
3	138461602	A	G
3	138461618	G	T
3	138474685	C	T
3	138474789	C	T
3	138474811	T	G
3	138478038	C	G
3	138478125	C	G
3	138478130	G	A
3	138478176	T	A
3	149238715	G	C
3	149243902	G	A
3	149245664	C	T
3	149245708	G	A
3	149260288	C	A
3	149290672	C	A
3	149290682	C	G
3	149290690	C	A
3	149290705	C	T
3	149374762	G	A
3	149374822	G	A
3	149374828	G	C
3	149374844	G	C
3	149374859	C	A
3	149374934	T	C
3	149374963	C	A
3	178916645	G	T
3	178916684	G	A
3	178916706	A	G
3	178916791	C	A
3	178916824	G	A
3	178916836	C	G
3	178916891	G	C
3	178916935	C	T
3	178916936	G	T
3	178916946	G	C
3	178916948	T	A
3	178917571	A	G
3	178919167	G	A
3	178921417	A	T
3	178921501	G	C
3	178921521	A	G
3	178921552	A	C
3	178922297	G	A
3	178922319	G	C
3	178922325	A	T
3	178922364	G	A
3	178922364	G	T
3	178922376	G	A
3	178927410	A	G
3	178927430	G	A
3	178927980	T	G
3	178928074	G	T
3	178928080	A	C
3	178936013	A	G
3	178936095	A	T
3	178936103	G	A
3	178937410	G	A
3	178937452	T	A
3	178937498	C	G
3	178937799	G	T
3	178938860	A	C
3	178943785	C	T
3	178947838	T	A
3	178947853	A	G
3	178948139	T	C
3	178948153	A	C
3	178952004	C	T
3	178952019	C	A
3	178952030	G	C
3	178952054	G	A
3	178952063	A	G
3	178952072	A	C
3	30686271	G	T
3	30713244	G	A
3	30713327	A	G
3	30713801	G	A
3	30732969	C	A
4	153244092	G	A
4	153247165	G	A
4	1801019	G	A
4	1801241	C	T
4	1801486	C	T
4	1803162	G	A
4	1803208	C	A
4	1803642	C	T
4	1805540	C	G
4	1806059	G	C
4	1806131	T	C
4	1806149	G	A
4	1806153	C	T
4	1806162	C	T
4	1806176	C	T
4	1806185	C	T
4	1806638	G	T
4	1807841	G	A
4	1807865	G	A
4	1808391	G	A
4	1808852	G	C
4	1808907	C	G
4	1808921	G	A
4	1808924	G	A
4	1808930	G	A
4	1808982	G	A
4	55127295	C	A
4	55127303	C	T
4	55127387	T	A
4	55127521	C	G
4	55129923	A	G
4	55130019	G	T
4	55130043	G	A
4	55133558	T	C
4	55133559	A	G
4	55133619	C	T
4	55133820	C	T
4	55138564	C	T
4	55138615	A	G
4	55139789	G	A
4	55141026	C	T
4	55141036	T	A
4	55141083	C	A
4	55144623	G	C
4	55146616	C	T
4	55152054	G	A
4	55152093	A	T
4	55152108	C	T
4	55156709	G	A
4	55161371	G	A
4	55599340	T	A
4	55604715	G	A
5	149497185	C	G
5	149499577	A	G
5	149500844	G	A
5	149501449	G	A
5	149501467	G	A
5	149503837	G	T
5	149509446	C	T
5	149510223	G	A
5	149512334	G	A
5	149514571	C	T
5	149514576	G	T
5	149515166	G	T
5	149515219	G	A
5	149515397	T	A
5	176517973	G	C
5	176523713	G	A
5	176524631	C	T
5	180057563	A	G
5	67588167	T	A
5	67588966	G	A
5	67589147	A	G
5	67589168	C	G
5	67589591	T	C
5	67589627	G	A
5	67590404	A	G
5	67590467	A	T
5	67590478	C	T
5	67590988	T	G
5	67591097	A	G
5	67592114	G	A
5	67592114	G	T
5	67592121	T	C
5	67592129	C	T
5	67593261	T	A
6	152265352	C	T
6	152332832	G	C
6	152332868	G	A
6	152415537	T	C
6	152419917	C	A
6	152419922	T	A
6	152419923	A	C
6	152419923	A	G
6	152419976	C	T
7	106508395	G	A
7	106508581	A	G
7	106508805	G	A
7	106509045	G	A
7	106509283	G	A
7	106509312	G	C
7	106509477	G	A
7	106509711	G	A
7	106519989	C	T
7	116339287	C	A
7	116339642	G	C
7	116339752	A	G
7	116339776	C	T
7	116340189	C	G
7	116340199	C	A
7	116340237	A	G
7	116371758	C	G
7	116371822	T	G
7	116380068	T	C
7	116397558	C	T
7	116411950	C	T
7	116414943	C	T
7	116415163	G	A
7	116418932	G	A
7	116418986	G	A
7	116422095	G	C
7	128829152	G	A
7	128845086	G	A
7	128845167	C	T
7	128845185	C	T
7	128846053	G	T
7	128846076	A	C
7	128846351	A	G
7	128846357	G	A
7	128846362	C	T
7	128846405	T	C
7	128850291	G	C
7	128850317	G	A
7	128850335	G	A
7	128850341	G	T
7	128850838	G	A
7	128851512	G	A
7	128851557	C	T
7	128851596	C	G
7	128852114	C	T
7	140434413	G	A
7	140434507	G	A
7	140434525	G	A
7	140434543	G	T
7	140434564	C	T
7	140434567	G	A
7	140439646	T	C
7	140439656	C	T
7	140439698	C	T
7	140439707	G	T
7	140439713	G	A
7	140439727	C	T
7	140449113	A	C
7	140449137	C	G
7	140449164	C	T
7	140453081	C	A
7	140453092	C	T
7	140453096	C	A
7	140453108	C	A
7	140453110	G	C
7	140453115	G	A
7	140453130	G	A
7	140453132	T	A
7	140453133	T	G
7	140453134	T	G
7	140453137	C	A
7	140453139	G	A
7	140453139	G	C
7	140453140	T	C
7	140453145	A	C
7	140453145	A	T
7	140453146	G	C
7	140453149	C	G
7	140453149	C	T
7	140453150	A	C
7	140453154	T	A
7	140453154	T	G
7	140453155	C	G
7	140453167	C	T
7	140453179	C	T
7	140453182	G	A
7	140453185	G	A
7	140453192	A	T
7	140453193	T	A
7	140453193	T	C
7	140453193	T	G
7	140453987	T	G
7	140476718	C	T
7	140476813	C	A
7	140476855	C	A
7	140476881	G	C
7	140477798	C	T
7	140477811	T	A
7	140477852	T	C
7	140477853	C	A
7	140477854	A	C
7	140477861	T	C
7	140481393	T	C
7	140481399	G	T
7	140481411	C	G
7	140481412	C	T
7	140481417	C	T
7	140481418	C	T
7	140481423	C	A
7	140481423	C	T
7	140481433	C	G
7	140482873	C	A
7	140482879	G	T
7	140482915	G	A
7	140482933	G	A
7	140487360	G	A
7	140494110	C	G
7	140494149	G	A
7	140494157	G	A
7	140494206	G	T
7	140494227	G	A
7	140500184	C	T
7	140500260	G	T
7	140501249	C	T
7	140501260	C	T
7	140501267	G	A
7	140501295	G	C
7	140501299	C	A
7	140501331	A	C
7	140501337	T	G
7	140501350	G	A
7	140501351	T	G
7	140507788	T	A
7	140507858	T	G
7	140508737	C	G
7	140534429	G	A
7	140534491	G	A
7	140534602	C	T
7	140549946	C	T
7	140549992	C	A
7	140550005	T	A
7	55210002	C	G
7	55210015	G	A
7	55210023	G	C
7	55210029	C	T
7	55211050	G	A
7	55211072	G	C
7	55211079	A	G
7	55214316	G	A
7	55214408	G	T
7	55218998	G	A
7	55219021	C	G
7	55220268	T	C
7	55220295	A	T
7	55221722	G	T
7	55221744	C	T
7	55221800	G	A
7	55221830	G	A
7	55223567	G	T
7	55224280	C	T
7	55224337	C	A
7	55227864	A	G
7	55227956	A	G
7	55228009	C	G
7	55229232	G	C
7	55231430	C	T
7	55233012	G	A
7	55233016	C	T
7	55233024	G	A
7	55233036	C	T
7	55233037	C	T
7	55233084	G	A
7	55233123	A	G
7	55238884	C	T
7	55241620	G	A
7	55241647	C	T
7	55241648	C	T
7	55241656	G	T
7	55241675	A	T
7	55241677	G	C
7	55241678	A	C
7	55241678	A	G
7	55241688	C	G
7	55241705	T	C
7	55241707	G	A
7	55241707	G	T
7	55241708	G	A
7	55242433	G	A
7	55242439	A	G
7	55242470	T	C
7	55242478	G	C
7	55248996	T	G
7	55249005	G	A
7	55249005	G	C
7	55249017	C	G
7	55249022	G	C
7	55249028	C	G
7	55249028	C	T
7	55249029	G	A
7	55249053	C	T
7	55249082	C	T
7	55249113	A	G
7	55249130	G	A
7	55259419	A	G
7	55259433	C	T
7	55259439	T	G
7	55259446	A	T
7	55259454	C	A
7	55259454	C	G
7	55259458	C	T
7	55259469	G	A
7	55259485	C	T
7	55259502	A	G
7	55259517	G	A
7	55259530	G	A
7	55259532	G	A
7	55259553	G	A
7	55268060	A	C
7	55268881	G	A
7	55268959	G	A
7	55270223	C	G
7	55270263	C	A
7	55270307	T	C
7	55273168	A	G
7	6426893	C	T
7	6426908	C	G
8	38271151	G	A
8	38271300	G	A
8	38271301	G	A
8	38275797	A	G
8	38277065	G	A
8	38277193	C	T
8	38277227	T	C
8	38279318	C	T
8	38279401	G	A
8	38282044	A	T
8	38282092	T	C
8	38282146	C	T
8	38282161	C	A
8	38282215	G	A
8	38283759	C	T
8	38285945	G	A
8	38285948	G	A
8	38287289	T	A
9	21970989	A	T
9	21971060	C	A
9	21971156	C	T
9	98209328	T	C
9	98211520	C	T
9	98224161	C	T
9	98229655	G	A
X	41203370	G	A
X	47426043	G	A
X	47426121	C	T
X	47426127	C	T
X	47426132	G	A
X	47426466	C	A
X	47428244	G	A
X	47428285	G	T
X	47428415	G	A
X	47428974	G	A
X	47428992	C	T
X	47429012	G	T
X	47429019	A	G
X	47429037	C	T
X	47429292	G	A
X	47429358	G	T
X	47429359	G	A
X	47430336	C	G
X	47430341	C	A
X	47430395	G	A
X	47430737	G	C
X	47430771	G	A
