Chr	Pos	Ref	Alt	Label	Score
11	102098274	C	A	0.0	0.7656
3	138474789	C	T	0.0	0.0443
7	55249017	C	G	1.0	0.9978
2	61715367	C	T	0.0	0.8948
7	140453149	C	T	1.0	0.9985
11	8496350	G	A	1.0	0.0219
3	178947853	A	G	1.0	0.9467
7	106509477	G	A	1.0	0.0583
10	89692871	G	T	1.0	0.9988
5	67590988	T	G	0.0	0.9813
7	116339776	C	T	0.0	0.9386
7	116414943	C	T	0.0	0.0717
7	55241705	T	C	1.0	0.9969
15	66729100	T	A	1.0	0.9970
17	37881015	G	A	0.0	0.9660
7	128850317	G	A	0.0	0.9635
17	37881989	G	T	1.0	0.9833
10	123239442	A	C	0.0	0.2603
17	37866710	G	A	0.0	0.6117
17	37880207	G	A	1.0	0.9774
10	43612083	C	A	0.0	0.9025
7	55242439	A	G	0.0	0.9565
9	98229655	G	A	0.0	0.7356
1	9778917	G	A	0.0	0.2247
3	12660099	C	G	0.0	0.9618
4	1806149	G	A	0.0	0.0567
7	140494206	G	T	0.0	0.3822
3	138417859	C	T	1.0	0.9462
10	89720731	T	G	0.0	0.9810
12	56495392	T	A	0.0	0.0236
3	12647721	G	A	0.0	0.7583
3	138409870	T	A	0.0	0.6987
7	140453182	G	A	1.0	0.9973
X	47428974	G	A	0.0	0.9952
3	138461575	C	T	0.0	0.9547
10	43609123	G	A	1.0	0.0244
20	57415178	G	C	0.0	0.6147
3	149290682	C	G	0.0	0.2799
17	37884157	C	T	0.0	0.0237
3	178916946	G	C	1.0	0.9952
7	55249028	C	G	1.0	0.9979
7	140501299	C	A	1.0	0.9981
7	140487360	G	A	0.0	0.6944
7	55233016	C	T	1.0	0.7946
10	123298174	C	T	0.0	0.9856
7	140453145	A	C	1.0	0.9984
10	123244913	C	T	0.0	0.8856
7	140453154	T	A	1.0	0.9983
3	178948139	T	C	1.0	0.2509
13	28611346	T	C	0.0	0.2130
10	43597813	G	A	0.0	0.0229
2	29456516	A	G	0.0	0.7897
7	140477852	T	C	1.0	0.9869
7	128846405	T	C	0.0	0.2315
19	41837031	C	T	0.0	0.0469
15	66774188	T	G	1.0	0.9827
7	116411950	C	T	0.0	0.8541
7	140501260	C	T	0.0	0.9835
17	37872138	C	T	0.0	0.0503
9	21970989	A	T	0.0	0.8263
17	37884185	A	G	0.0	0.1581
8	38277065	G	A	0.0	0.5884
17	37872834	T	A	0.0	0.8796
17	37864781	C	T	0.0	0.9879
3	178922325	A	T	1.0	0.9973
7	55259454	C	G	1.0	0.9980
3	138433362	G	A	0.0	0.3270
11	102098302	G	C	0.0	0.5098
7	128850838	G	A	0.0	0.8679
7	55221722	G	T	1.0	0.9967
12	56495083	C	T	0.0	0.0288
8	38271300	G	A	0.0	0.5268
4	55141036	T	A	1.0	0.9679
17	37883255	G	T	0.0	0.2708
7	140482879	G	T	0.0	0.8382
12	56487166	G	A	0.0	0.0232
11	102076624	C	G	0.0	0.2591
4	55138615	A	G	0.0	0.1661
6	152419976	C	T	0.0	0.0719
11	102094417	C	G	0.0	0.0644
3	178916791	C	A	0.0	0.4570
4	55161371	G	A	0.0	0.3448
3	138374301	G	A	1.0	0.9853
10	43607622	G	A	0.0	0.9310
1	65306941	C	T	1.0	0.2966
17	37879588	A	G	0.0	0.0241
7	106519989	C	T	1.0	0.9797
2	29455209	A	G	0.0	0.1406
3	12650737	T	G	0.0	0.9640
2	29445424	C	T	0.0	0.5351
4	1803642	C	T	0.0	0.7471
3	12660029	G	C	1.0	0.9651
7	128852114	C	T	0.0	0.0226
7	140453132	T	A	1.0	0.9985
3	12650343	C	T	0.0	0.9702
7	55241648	C	T	1.0	0.9967
12	112888220	A	G	0.0	0.9686
12	112888136	T	C	0.0	0.9575
7	140439698	C	T	0.0	0.7707
7	140453146	G	C	1.0	0.9985
4	1806059	G	C	1.0	0.0342
7	128851596	C	G	0.0	0.9419
6	152419923	A	C	1.0	0.9459
1	9783218	G	A	0.0	0.0417
3	30732969	C	A	0.0	0.9848
19	17948809	C	G	0.0	0.1856
7	55241656	G	T	1.0	0.9823
10	89653785	T	C	1.0	0.9978
7	140501267	G	A	1.0	0.9981
7	55249029	G	A	1.0	0.9979
17	37883561	A	C	0.0	0.0260
X	47426121	C	T	1.0	0.8632
4	1807841	G	A	1.0	0.9965
15	66727455	G	T	1.0	0.9620
8	38275797	A	G	0.0	0.8964
7	128846076	A	C	0.0	0.8535
15	99440011	C	T	0.0	0.2020
4	1801486	C	T	1.0	0.5240
7	140453179	C	T	1.0	0.9960
7	116340237	A	G	0.0	0.0231
3	12660046	G	T	0.0	0.9802
17	37881078	T	C	0.0	0.9949
2	29462560	C	T	0.0	0.6778
5	176517973	G	C	0.0	0.9167
6	152419923	A	G	0.0	0.9425
7	55228009	C	G	1.0	0.0248
4	55129923	A	G	0.0	0.0351
3	138474811	T	G	0.0	0.0609
4	55130019	G	T	0.0	0.9013
7	116415163	G	A	0.0	0.4345
4	55138564	C	T	0.0	0.3550
3	149238715	G	C	0.0	0.0438
8	38282044	A	T	0.0	0.9271
7	128850341	G	T	0.0	0.9491
19	18279570	C	T	0.0	0.3567
7	55270263	C	A	0.0	0.4120
10	123279660	G	A	0.0	0.9778
7	116340189	C	G	0.0	0.0436
10	123274743	A	G	0.0	0.8557
3	178921501	G	C	0.0	0.9975
3	138374338	C	T	0.0	0.1871
4	55152093	A	T	1.0	0.9956
17	74732959	G	T	0.0	0.2791
5	149497185	C	G	0.0	0.0270
13	28919595	C	T	0.0	0.8408
17	37863275	C	T	0.0	0.2005
3	178916836	C	G	1.0	0.9900
17	37881333	T	A	1.0	0.9939
3	12641300	C	T	0.0	0.1725
X	47428415	G	A	0.0	0.9800
5	149509446	C	T	0.0	0.0250
7	140477811	T	A	1.0	0.9939
19	41754461	G	T	0.0	0.2937
3	149245664	C	T	0.0	0.0269
1	65335021	T	A	0.0	0.0263
3	138423330	A	C	0.0	0.0297
4	1806131	T	C	0.0	0.0232
17	37883959	G	T	0.0	0.0297
4	1806153	C	T	0.0	0.0240
12	56482341	G	A	0.0	0.3655
7	140508737	C	G	0.0	0.9969
3	178916936	G	T	0.0	0.9976
2	29443618	G	A	1.0	0.6339
3	178928080	A	C	1.0	0.9711
15	99459279	G	C	1.0	0.9265
3	149290690	C	A	0.0	0.0335
3	178943785	C	T	0.0	0.8750
7	128851557	C	T	0.0	0.9512
10	89720664	A	C	1.0	0.9988
1	9782591	C	T	1.0	0.9352
17	37864760	C	T	0.0	0.8198
X	47429019	A	G	0.0	0.1549
4	55156709	G	A	0.0	0.0929
X	47429037	C	T	0.0	0.7440
2	29443697	A	G	1.0	0.9281
19	17950433	G	A	0.0	0.0252
3	138374245	C	A	1.0	0.9464
3	178952004	C	T	0.0	0.9878
5	176523713	G	A	0.0	0.9543
7	106508395	G	A	0.0	0.0238
13	28608122	A	G	0.0	0.0766
3	178952030	G	C	1.0	0.9549
7	55259553	G	A	0.0	0.9965
12	58145430	C	A	1.0	0.9903
12	56482606	A	C	0.0	0.9458
3	12626468	C	A	0.0	0.8940
7	55233024	G	A	0.0	0.9935
7	140481423	C	A	0.0	0.9777
2	29443591	C	T	1.0	0.9738
13	28903802	C	A	1.0	0.9970
3	138453637	T	C	0.0	0.1013
2	29432664	C	T	1.0	0.9971
3	178936095	A	T	1.0	0.9915
3	138409876	G	A	0.0	0.8044
7	55219021	C	G	0.0	0.2434
3	12626094	C	A	0.0	0.5028
10	123274738	T	C	0.0	0.0454
19	18273240	C	T	0.0	0.6088
7	55259532	G	A	0.0	0.9860
2	29416320	C	T	0.0	0.0220
3	178922319	G	C	0.0	0.9966
7	140500184	C	T	0.0	0.0344
7	55224337	C	A	0.0	0.7797
13	29001982	C	T	0.0	0.7107
3	149290672	C	A	0.0	0.2575
11	101981896	G	A	0.0	0.0800
3	138383975	T	C	0.0	0.9502
7	55259458	C	T	1.0	0.9979
13	28913349	T	C	0.0	0.9385
17	37868193	C	T	0.0	0.6740
2	29443686	C	G	0.0	0.6894
13	28959121	C	T	0.0	0.0224
17	37866671	G	A	0.0	0.4511
4	1808924	G	A	1.0	0.3544
3	138478130	G	A	0.0	0.0548
2	29519818	C	T	0.0	0.0295
3	138426123	C	T	1.0	0.1931
10	123279605	A	C	1.0	0.9912
7	128846362	C	T	0.0	0.9585
4	55130043	G	A	0.0	0.0246
13	28592642	C	G	0.0	0.9969
X	47430737	G	C	0.0	0.5925
12	56478817	G	A	0.0	0.9585
7	55211072	G	C	0.0	0.9726
3	12627203	G	A	0.0	0.9409
3	30713244	G	A	0.0	0.8053
4	55152108	C	T	0.0	0.9126
3	178922376	G	A	0.0	0.9905
3	138384011	G	C	0.0	0.0785
17	37864656	G	A	0.0	0.9961
7	140449113	A	C	1.0	0.9676
3	138413677	G	C	0.0	0.2464
19	18278061	A	G	1.0	0.7649
3	178922364	G	A	1.0	0.9965
7	140449164	C	T	0.0	0.9707
17	37883140	G	T	0.0	0.1357
7	55249022	G	C	0.0	0.9728
7	140449137	C	G	1.0	0.9755
3	178916948	T	A	1.0	0.9985
8	38287289	T	A	0.0	0.0667
17	37880180	G	C	0.0	0.4413
7	140481417	C	T	1.0	0.9899
3	178937498	C	G	1.0	0.9901
10	43615622	G	A	0.0	0.9884
3	138456596	C	A	0.0	0.9121
7	55233123	A	G	0.0	0.9775
7	55259530	G	A	0.0	0.7940
7	140453139	G	A	1.0	0.9984
17	37868701	G	A	0.0	0.8748
4	55133558	T	C	1.0	0.8398
7	55249005	G	C	1.0	0.9922
7	116397558	C	T	0.0	0.0252
19	41850681	C	T	0.0	0.0246
17	37872674	G	A	0.0	0.0906
7	140476881	G	C	0.0	0.9836
7	128851512	G	A	0.0	0.6850
7	128846357	G	A	0.0	0.0282
7	55231430	C	T	1.0	0.9695
17	37882024	G	C	0.0	0.0487
7	140534491	G	A	0.0	0.8311
7	140549992	C	A	1.0	0.6546
17	37881982	G	A	1.0	0.9783
10	123310871	A	G	0.0	0.0235
17	37866434	C	T	0.0	0.8110
3	178937410	G	A	1.0	0.9970
7	140481423	C	T	0.0	0.9732
4	55133559	A	G	1.0	0.8742
7	55259454	C	A	0.0	0.9978
8	38271301	G	A	0.0	0.0303
17	37868586	C	G	0.0	0.5014
11	101981793	G	A	0.0	0.0898
7	140494110	C	G	0.0	0.9707
8	38285948	G	A	0.0	0.1878
3	138374298	A	C	1.0	0.9663
5	176524631	C	T	0.0	0.0276
7	55259439	T	G	1.0	0.9963
3	149260288	C	A	0.0	0.0474
3	178922297	G	A	0.0	0.9945
7	106509711	G	A	0.0	0.1425
7	140481411	C	G	1.0	0.9806
4	55127303	C	T	0.0	0.0230
15	99500633	G	A	0.0	0.1892
7	140477853	C	A	1.0	0.9942
7	55210023	G	C	0.0	0.2735
15	99491930	G	C	1.0	0.8815
4	55127387	T	A	0.0	0.1602
13	28919607	G	A	1.0	0.3258
7	116339752	A	G	0.0	0.1344
3	178921417	A	T	0.0	0.9887
7	140501350	G	A	1.0	0.9981
3	12627233	G	A	0.0	0.9940
3	12647737	G	A	0.0	0.8596
15	99478265	T	C	0.0	0.9050
7	55233037	C	T	1.0	0.9986
7	106509045	G	A	1.0	0.2688
19	17949121	T	A	0.0	0.0385
3	178952054	G	A	1.0	0.9079
3	138478125	C	G	0.0	0.1119
10	123279672	G	A	0.0	0.9904
7	55218998	G	A	0.0	0.0444
17	37884261	G	T	0.0	0.0615
3	12629110	T	C	1.0	0.9556
1	9776649	A	G	0.0	0.8190
7	140434543	G	T	0.0	0.8898
11	101984957	G	A	0.0	0.7942
4	1808982	G	A	0.0	0.0265
3	149245708	G	A	0.0	0.0223
1	9775907	G	A	1.0	0.8758
7	55210015	G	A	0.0	0.6437
3	138402591	G	T	0.0	0.9490
3	138402532	T	C	0.0	0.9289
12	25378562	C	G	1.0	0.9986
3	138456596	C	G	0.0	0.8824
7	140549946	C	T	1.0	0.8096
11	102094425	G	A	0.0	0.4715
4	1808391	G	A	0.0	0.1203
10	43609969	G	A	0.0	0.5692
2	29519791	G	T	0.0	0.1097
17	37868205	G	A	0.0	0.9801
8	38282092	T	C	0.0	0.9661
10	89653782	A	G	1.0	0.9959
3	178927980	T	G	0.0	0.9966
X	47428285	G	T	0.0	0.9522
4	55127295	C	A	0.0	0.8513
10	89624299	T	G	1.0	0.9706
3	178927410	A	G	1.0	0.1146
7	55273168	A	G	0.0	0.0384
3	138478176	T	A	0.0	0.0280
3	30713327	A	G	0.0	0.0509
7	140501249	C	T	0.0	0.9811
5	67593261	T	A	1.0	0.9907
1	9784941	C	T	0.0	0.4368
10	43609111	G	A	0.0	0.1593
17	37880997	G	A	1.0	0.4449
3	178937452	T	A	0.0	0.9853
10	89685314	T	A	1.0	0.9985
17	37871723	C	T	0.0	0.9471
4	55141026	C	T	0.0	0.9665
7	140453110	G	C	1.0	0.9985
17	37873579	G	A	0.0	0.5002
2	29455230	G	A	0.0	0.0376
7	140439713	G	A	0.0	0.9129
17	37872773	C	T	1.0	0.0762
7	140453096	C	A	1.0	0.9982
3	138417775	A	G	0.0	0.9673
8	38279318	C	T	0.0	0.0263
4	1808921	G	A	0.0	0.0791
3	149374822	G	A	1.0	0.4861
7	140453145	A	T	1.0	0.9985
6	152415537	T	C	0.0	0.0379
7	140453185	G	A	1.0	0.9973
X	47429358	G	T	0.0	0.9929
10	89624261	A	C	1.0	0.9959
7	55220295	A	T	1.0	0.9469
9	98209328	T	C	0.0	0.0224
17	37879851	A	G	1.0	0.8191
7	140453081	C	A	0.0	0.9975
7	140439656	C	T	1.0	0.7325
4	55127521	C	G	0.0	0.2126
5	67588966	G	A	1.0	0.9984
1	9784908	G	A	1.0	0.9051
5	67589147	A	G	1.0	0.9984
7	140507858	T	G	0.0	0.9486
7	140481412	C	T	1.0	0.9878
1	9783302	C	T	0.0	0.6805
7	55242478	G	C	0.0	0.9969
3	138383926	G	T	0.0	0.9323
2	29541231	G	T	0.0	0.0272
19	41754717	C	T	0.0	0.4283
12	112888158	C	G	0.0	0.9818
3	30686271	G	T	0.0	0.1005
4	1808852	G	C	0.0	0.9088
9	98224161	C	T	0.0	0.0853
19	41748805	C	T	0.0	0.1018
7	116339642	G	C	1.0	0.0555
4	55139789	G	A	0.0	0.0300
19	41726703	A	G	1.0	0.3405
7	140482933	G	A	0.0	0.4565
3	178922364	G	T	1.0	0.9958
7	140439727	C	T	0.0	0.7999
8	38285945	G	A	0.0	0.1358
5	149501449	G	A	0.0	0.2642
17	37883158	G	C	0.0	0.2098
X	47426043	G	A	0.0	0.0229
3	12650274	C	A	0.0	0.8220
11	101981761	C	G	1.0	0.1218
5	67590478	C	T	0.0	0.9322
11	101985013	A	G	0.0	0.0233
5	67592114	G	A	1.0	0.9958
7	55249113	A	G	1.0	0.9916
7	140494157	G	A	0.0	0.8540
X	47429292	G	A	0.0	0.9920
1	9783217	C	T	0.0	0.0865
7	55259446	A	T	1.0	0.9978
7	140453108	C	A	0.0	0.9983
7	140453149	C	G	1.0	0.9986
9	21971156	C	T	0.0	0.9946
5	149510223	G	A	0.0	0.0727
17	37864713	C	A	0.0	0.1651
7	140494149	G	A	1.0	0.9684
10	123263436	G	A	0.0	0.8076
17	37881410	C	T	1.0	0.9851
19	41765523	G	T	0.0	0.1651
7	55210002	C	G	0.0	0.5797
7	55268060	A	C	1.0	0.9756
12	56495465	G	A	0.0	0.0290
3	138409857	A	G	0.0	0.9042
3	12626452	G	A	0.0	0.0891
7	140477854	A	C	1.0	0.9929
X	47426466	C	A	0.0	0.1038
3	178927430	G	A	0.0	0.9852
7	140434525	G	A	1.0	0.8997
7	55248996	T	G	1.0	0.9957
2	29449887	A	G	1.0	0.9241
7	116371822	T	G	0.0	0.9100
4	55146616	C	T	0.0	0.3428
17	37884259	G	C	0.0	0.1087
7	55241707	G	A	1.0	0.9963
11	102100657	C	T	1.0	0.8797
13	29007977	C	T	0.0	0.0286
12	56481413	A	T	0.0	0.0239
4	55152054	G	A	0.0	0.8905
17	37879682	C	T	0.0	0.2115
6	152265352	C	T	0.0	0.5003
17	37882093	G	T	0.0	0.9281
7	55249028	C	T	1.0	0.9980
7	140534602	C	T	0.0	0.8326
12	112891083	G	C	0.0	0.9262
3	149374934	T	C	0.0	0.0301
3	138400825	C	T	0.0	0.5328
2	30142942	G	A	0.0	0.0223
3	149374762	G	A	0.0	0.0241
17	37865676	C	T	0.0	0.0259
7	55241678	A	C	1.0	0.9885
3	12633208	G	T	0.0	0.9896
3	178921552	A	C	1.0	0.9971
10	89624305	T	G	1.0	0.9946
7	140482873	C	A	0.0	0.6272
5	67588167	T	A	1.0	0.9770
3	178952019	C	A	1.0	0.9972
12	112888162	G	C	0.0	0.9654
7	140482915	G	A	0.0	0.4783
7	116418986	G	A	1.0	0.9604
3	12645693	G	A	1.0	0.9218
3	178916706	A	G	0.0	0.9777
17	37866359	G	T	1.0	0.0561
3	149290705	C	T	0.0	0.0222
7	55221800	G	A	0.0	0.0860
3	12650329	G	A	0.0	0.9568
7	55241647	C	T	1.0	0.9915
4	55133820	C	T	1.0	0.1391
5	149503837	G	T	1.0	0.9340
3	178937799	G	T	1.0	0.9550
3	138461473	G	A	0.0	0.0360
3	149374859	C	A	0.0	0.0230
1	9784410	T	G	1.0	0.9581
3	138474685	C	T	0.0	0.0454
17	37879613	T	C	0.0	0.8875
7	55270307	T	C	0.0	0.1529
3	138453486	C	T	0.0	0.0305
3	138376574	A	G	0.0	0.9316
7	55249082	C	T	0.0	0.9962
15	99478082	C	T	1.0	0.9349
3	149243902	G	A	0.0	0.8476
7	128845086	G	A	0.0	0.9011
8	38282215	G	A	0.0	0.9471
2	29449875	C	T	0.0	0.1192
7	116340199	C	A	0.0	0.0533
3	138402579	A	C	0.0	0.2684
7	140453134	T	G	1.0	0.9985
2	30143128	C	T	0.0	0.0339
4	1805540	C	G	1.0	0.8509
12	56482341	G	T	0.0	0.9069
7	55214316	G	A	1.0	0.9656
7	140453987	T	G	1.0	0.9850
7	55241708	G	A	1.0	0.9965
12	112888202	C	T	0.0	0.9755
17	37884229	C	T	0.0	0.0241
1	243716177	C	G	0.0	0.9552
2	29551259	G	C	0.0	0.0722
3	138431064	C	G	0.0	0.9557
7	128845167	C	T	0.0	0.9206
4	1806162	C	T	0.0	0.0274
7	55259502	A	G	1.0	0.9976
7	140453092	C	T	1.0	0.9979
17	37868196	C	T	0.0	0.1437
7	140501337	T	G	1.0	0.9978
1	9783347	C	T	1.0	0.2939
3	138417861	T	C	1.0	0.3732
7	140453150	A	C	1.0	0.9983
2	29917765	C	T	0.0	0.0337
7	116339287	C	A	0.0	0.8581
3	12660160	C	T	0.0	0.4095
3	138374308	C	T	0.0	0.0389
3	149374844	G	C	1.0	0.8980
3	12650363	A	T	1.0	0.8061
17	37882863	C	T	1.0	0.0537
7	140434567	G	A	0.0	0.9034
7	55268959	G	A	0.0	0.0660
17	37883578	G	C	0.0	0.0519
17	37866371	C	A	1.0	0.8269
11	102100544	T	G	0.0	0.8539
15	66727571	G	A	0.0	0.9179
5	67589591	T	C	0.0	0.9978
7	55220268	T	C	0.0	0.9368
13	28913326	C	A	0.0	0.1572
11	533476	C	T	0.0	0.9880
7	116380068	T	C	0.0	0.0654
7	55268881	G	A	1.0	0.8572
17	37881329	C	G	1.0	0.9549
5	149514576	G	T	0.0	0.3058
7	140481393	T	C	0.0	0.9427
7	55270223	C	G	0.0	0.0345
11	102076646	G	C	0.0	0.9071
7	140453115	G	A	1.0	0.9983
3	12632328	C	T	0.0	0.9526
3	178936013	A	G	0.0	0.9941
17	37872096	C	A	0.0	0.0242
17	37883113	C	T	0.0	0.8774
7	55259517	G	A	1.0	0.9981
17	37882022	G	A	0.0	0.3374
10	43609990	G	A	0.0	0.1005
10	123279642	C	T	0.0	0.9594
3	30713801	G	A	0.0	0.9516
7	55241678	A	G	1.0	0.9921
19	1220707	G	T	0.0	0.9760
3	178916935	C	T	1.0	0.9972
4	55144623	G	C	0.0	0.0475
4	55599340	T	A	1.0	0.9953
7	106508805	G	A	1.0	0.7368
11	102080261	T	A	0.0	0.5198
2	29474042	G	T	0.0	0.0400
3	138374281	T	C	0.0	0.9358
7	140453139	G	C	1.0	0.9984
8	38282161	C	A	0.0	0.0337
1	9779982	T	C	1.0	0.3668
5	149515397	T	A	0.0	0.0221
4	55141083	C	A	1.0	0.9323
3	12645693	G	C	0.0	0.7968
2	29519915	C	T	0.0	0.2852
X	47429012	G	T	0.0	0.9915
7	140439707	G	T	1.0	0.4060
7	55259485	C	T	1.0	0.9930
19	41743997	G	T	1.0	0.8853
4	1803162	G	A	1.0	0.0344
3	178916684	G	A	0.0	0.9962
7	55223567	G	T	1.0	0.8607
11	101984924	G	C	1.0	0.8604
1	9784371	T	A	0.0	0.8321
11	102080293	C	A	0.0	0.3524
7	128846351	A	G	0.0	0.8338
X	47430341	C	A	0.0	0.9548
8	38279401	G	A	0.0	0.8975
15	99251133	A	C	1.0	0.9854
19	41765694	C	T	0.0	0.0229
10	123298225	C	T	0.0	0.9599
7	106508581	A	G	1.0	0.9550
7	140494227	G	A	0.0	0.6487
3	178916891	G	C	1.0	0.9983
17	74732959	G	C	0.0	0.1988
X	41203370	G	A	1.0	0.9502
1	9770571	G	A	0.0	0.0236
5	67589168	C	G	0.0	0.9976
8	38277193	C	T	0.0	0.6241
7	140453137	C	A	1.0	0.9981
2	29754929	G	A	0.0	0.5429
3	12647712	C	A	0.0	0.2739
7	55242433	G	A	0.0	0.9940
X	47426127	C	T	1.0	0.7335
4	55133619	C	T	0.0	0.0739
3	138403480	G	A	0.0	0.4974
4	1806176	C	T	0.0	0.1151
3	12660186	C	T	0.0	0.7735
4	1806638	G	T	0.0	0.1914
X	47430395	G	A	0.0	0.9571
4	1807865	G	A	0.0	0.9734
3	138413736	A	G	0.0	0.9166
3	178938860	A	C	0.0	0.9772
20	57415834	A	C	0.0	0.0231
7	140434564	C	T	0.0	0.8803
7	140501351	T	G	1.0	0.9957
3	12633235	C	T	0.0	0.9824
7	140453192	A	T	1.0	0.9976
7	128850335	G	A	0.0	0.9226
7	140453154	T	G	1.0	0.9983
7	55249005	G	A	0.0	0.9951
2	29416299	C	T	0.0	0.0288
2	29456487	C	A	0.0	0.4391
17	37879838	G	C	0.0	0.1217
5	67592114	G	T	0.0	0.9970
3	138431123	A	T	0.0	0.9755
4	1803208	C	A	0.0	0.0363
7	128829152	G	A	0.0	0.0229
17	37879580	C	G	0.0	0.4232
17	37868241	A	G	1.0	0.9487
19	41763407	G	T	1.0	0.9952
12	4553300	G	A	0.0	0.9623
19	41745210	T	A	0.0	0.0274
7	140453155	C	G	1.0	0.9982
5	149499577	A	G	1.0	0.9583
X	47428244	G	A	0.0	0.3222
7	55241677	G	C	1.0	0.9916
10	123274773	C	T	0.0	0.9649
19	40762959	C	T	1.0	0.9252
11	102033201	C	T	0.0	0.5560
19	41745202	T	A	1.0	0.1892
19	18271322	G	T	0.0	0.0507
X	47429359	G	A	0.0	0.9939
3	178928074	G	T	1.0	0.9854
3	149374963	C	A	0.0	0.6523
1	9780920	C	T	0.0	0.1821
7	55224280	C	T	0.0	0.9885
3	138461602	A	G	0.0	0.8383
17	37884037	C	G	0.0	0.0285
2	29432691	G	A	0.0	0.9834
4	153244092	G	A	0.0	0.9963
X	47430336	C	G	0.0	0.4180
7	140476813	C	A	1.0	0.9736
9	98211520	C	T	0.0	0.0281
3	12660106	G	C	0.0	0.7612
10	89717708	C	G	0.0	0.9974
7	140476718	C	T	1.0	0.9584
1	9782090	A	G	1.0	0.1199
4	1806185	C	T	0.0	0.0242
1	9783259	G	A	1.0	0.8992
7	140550005	T	A	0.0	0.9530
3	138478038	C	G	0.0	0.9361
18	48593557	G	C	0.0	0.9967
12	112888210	G	C	0.0	0.9422
3	138375001	C	G	0.0	0.9492
3	138461549	C	T	0.0	0.0991
3	178919167	G	A	0.0	0.9937
3	138461618	G	T	0.0	0.1479
4	55604715	G	A	0.0	0.0330
7	140500260	G	T	0.0	0.9885
7	128850291	G	C	0.0	0.4735
7	140453167	C	T	0.0	0.9965
10	123274744	C	T	0.0	0.5429
7	6426908	C	G	1.0	0.9988
17	37880261	G	A	0.0	0.9318
7	55227864	A	G	1.0	0.0269
7	6426893	C	T	1.0	0.9981
3	178948153	A	C	0.0	0.3489
X	47428992	C	T	0.0	0.9897
8	38277227	T	C	0.0	0.0307
17	37884176	C	A	0.0	0.1923
3	12653512	A	C	1.0	0.9834
7	140453133	T	G	1.0	0.9985
7	55241620	G	A	0.0	0.9950
6	152419917	C	A	0.0	0.9450
7	55259469	G	A	1.0	0.9898
7	55221744	C	T	1.0	0.7225
7	55241707	G	T	1.0	0.9969
X	47426132	G	A	1.0	0.2106
9	21971060	C	A	0.0	0.2126
5	180057563	A	G	0.0	0.8220
7	55241688	C	G	0.0	0.5572
7	55241675	A	T	0.0	0.9895
17	37864650	T	G	0.0	0.9967
10	89690828	G	A	0.0	0.7483
1	9787030	G	A	1.0	0.8375
12	56486845	G	C	0.0	0.9834
7	116371758	C	G	0.0	0.0255
7	140453140	T	C	1.0	0.9984
X	47430771	G	A	0.0	0.0482
7	106509312	G	C	1.0	0.3857
3	149374828	G	C	1.0	0.6564
3	138376532	C	G	0.0	0.5458
7	140453193	T	C	1.0	0.9975
2	29519891	C	G	0.0	0.0327
7	128845185	C	T	0.0	0.9340
5	149514571	C	T	0.0	0.0223
4	1808907	C	G	0.0	0.0316
7	140507788	T	A	0.0	0.9935
5	149501467	G	A	0.0	0.2576
1	9784395	G	A	1.0	0.9576
10	89711900	G	T	0.0	0.9986
17	37868205	G	C	0.0	0.9340
5	149515166	G	T	0.0	0.0230
7	55249130	G	A	1.0	0.9797
2	29606696	C	T	0.0	0.0238
10	43612147	G	A	0.0	0.9805
2	29455179	C	T	0.0	0.4984
17	37880988	G	A	0.0	0.9953
10	123279522	C	T	0.0	0.5747
17	37881312	A	T	0.0	0.9333
7	55229232	G	C	0.0	0.0246
14	105246482	C	T	1.0	0.9873
3	12632402	T	C	1.0	0.9919
10	123310907	G	T	0.0	0.9643
3	138374244	T	G	0.0	0.9247
11	102080278	A	C	0.0	0.4438
3	178916645	G	T	0.0	0.9956
19	18266738	C	T	0.0	0.1175
3	12626417	G	A	0.0	0.9183
3	138383924	A	G	0.0	0.8459
4	1808930	G	A	1.0	0.0277
5	67592121	T	C	1.0	0.9975
5	67589627	G	A	0.0	0.9984
10	123274746	A	C	0.0	0.9469
1	9778764	G	A	0.0	0.5337
7	55238884	C	T	0.0	0.7254
17	37872839	C	T	0.0	0.1399
3	12647752	G	A	0.0	0.4679
3	12660099	C	A	0.0	0.9708
7	140477861	T	C	1.0	0.9897
7	140481433	C	G	0.0	0.5400
3	12633229	T	A	1.0	0.9756
7	55259433	C	T	0.0	0.9963
7	140453193	T	A	1.0	0.9975
5	149515219	G	A	1.0	0.0237
5	67590404	A	G	0.0	0.9808
17	37881446	G	A	0.0	0.5423
8	38282146	C	T	0.0	0.9227
7	55233036	C	T	1.0	0.9980
10	123279557	T	A	0.0	0.9830
17	37872145	C	T	0.0	0.1346
1	243716086	A	G	0.0	0.8512
6	152332868	G	A	0.0	0.0303
5	67590467	A	T	0.0	0.9465
3	138375084	A	G	0.0	0.8939
3	12650355	C	T	1.0	0.8193
7	140434413	G	A	0.0	0.2126
3	178952072	A	C	1.0	0.9730
4	153247165	G	A	0.0	0.9983
17	37866379	G	T	0.0	0.2098
19	41749592	G	A	0.0	0.8207
17	37881583	C	T	1.0	0.9745
8	38271151	G	A	0.0	0.2325
7	55221830	G	A	0.0	0.9738
6	152419922	T	A	1.0	0.9483
7	140477798	C	T	0.0	0.9912
13	29002024	C	T	0.0	0.0410
1	179084079	C	T	0.0	0.9405
13	28919604	A	G	0.0	0.9458
8	38283759	C	T	0.0	0.9678
7	55233084	G	A	0.0	0.9924
17	37879673	G	A	0.0	0.1099
17	37881620	G	A	0.0	0.8383
7	55227956	A	G	0.0	0.0245
3	178916824	G	A	0.0	0.9442
3	12632392	C	A	0.0	0.9567
7	55242470	T	C	1.0	0.9979
1	179077353	C	G	0.0	0.0257
7	140439646	T	C	0.0	0.6068
7	116422095	G	C	0.0	0.9810
5	67591097	A	G	1.0	0.9971
7	55259419	A	G	0.0	0.0921
3	178921521	A	G	0.0	0.9935
3	178947838	T	A	1.0	0.9972
7	140434507	G	A	1.0	0.9292
1	9784049	G	A	0.0	0.8008
17	37881021	C	T	0.0	0.9938
3	138453578	C	A	0.0	0.3414
3	178917571	A	G	0.0	0.9424
7	128846053	G	T	0.0	0.8465
17	37880220	T	G	0.0	0.9574
7	106509283	G	A	0.0	0.9526
6	152332832	G	C	0.0	0.9225
17	37871562	C	A	0.0	0.2597
7	140481399	G	T	0.0	0.9768
3	178952063	A	G	0.0	0.9897
7	140476855	C	A	1.0	0.9828
7	140481418	C	T	1.0	0.9853
7	140453130	G	A	0.0	0.9985
7	140501295	G	C	0.0	0.9975
3	138400833	C	A	0.0	0.9254
2	29754873	G	T	0.0	0.0617
7	55211079	A	G	1.0	0.9977
5	149500844	G	A	1.0	0.1543
3	138453640	G	A	0.0	0.5544
7	116418932	G	A	0.0	0.4725
5	67592129	C	T	0.0	0.9947
3	178936103	G	A	1.0	0.9937
4	1801241	C	T	1.0	0.0598
7	140453193	T	G	0.0	0.9973
7	55211050	G	A	0.0	0.0294
5	149512334	G	A	0.0	0.0246
4	1801019	G	A	1.0	0.0255
14	105242063	G	A	0.0	0.0762
7	140534429	G	A	0.0	0.9757
7	55233012	G	A	1.0	0.9968
7	55249053	C	T	0.0	0.9956
7	55210029	C	T	1.0	0.9622
2	29606678	C	T	0.0	0.0908
7	140501331	A	C	1.0	0.9955
2	29474101	C	T	0.0	0.9542
7	55214408	G	T	1.0	0.0224
